id,first_name,last_name,city,country,company
953290,Ashlee,Conneau,Rozhnyativ,Ukraine,Plajo
582878,Jolene,Hay,Alexandria,United States,Ozu
620981,Archer,Simonelli,Evansville,United States,Snaptags
735971,Aldous,Dedrick,Nashville,United States,Edgepulse
114562,Dionisio,Bambra,Frankfurt am Main,Germany,Rhyzio
154899,Tracie,Georgescu,Sacramento,United States,Meemm
751114,Vita,Paffot,Aş Şanamayn,Syria,Camido
678892,Hersh,Dixey,Rouen,France,Skinix
727932,Cassondra,Ashdown,Nashville,United States,Eidel
954807,Hunt,Silbert,Bouaflé,Ivory Coast,Vitz
380890,Halette,Tibbs,Miguel Hidalgo,Mexico,Twitterbeat
184267,Iona,Guilbert,‘Afrīn,Syria,Vipe
415042,Hakim,Dalwood,Sacramento,United States,Vinte
839843,Kenny,Paddingdon,Milwaukee,United States,Trupe
718915,Hortensia,Klawi,Denton,United States,Oyope
965824,Sande,Toman,Hartford,United States,Podcat
803887,Paton,Methringham,Bryukhovychi,Ukraine,Fivespan
066231,Galven,Copestick,Köln,Germany,Mycat
169100,Carleen,MacSkeagan,Hénin-Beaumont,France,Cogilith
844020,Evan,Dainter,Merton,United Kingdom,Pixope
249898,Jolie,Devers,Evansville,United States,Jaloo
283591,Vaughn,McJerrow,Lanchyn,Ukraine,Gigaclub
554260,Gilbert,Dorning,Buenavista,Mexico,Katz
608832,Andriana,Dast,Houilles,France,Meetz
022351,Merridie,Vigurs,Atlanta,United States,Flashset
920095,Latrina,Padell,Los Angeles,Mexico,Lazzy
444438,Shayna,Hair,Paris 02,France,Photobug
534038,Tate,Bambery,Besançon,France,Vinder
998875,Rosaline,Pitney,Hicksville,United States,Fivechat
894637,Redford,Matkovic,Memphis,United States,Photojam
997318,Bel,Moorcraft,Bakersfield,United States,Jaxspan
339779,Robinson,Powdrell,Blagnac,France,Browsetype
039440,Niki,Depport,Şūrān,Syria,Browseblab
363253,Nels,Iannitti,Sakassou,Ivory Coast,Photofeed
785020,Floyd,Madgett,Ţalkhā,Egypt,Oyoloo
402562,Cole,Cobbin,Dallas,United States,Jazzy
862625,Antone,More,Livadiya,Ukraine,Kazio
613066,Chiquia,O'Keenan,Guadalupe Victoria,Mexico,Browsecat
062409,Micaela,Sagg,Lopatyn,Ukraine,Feednation
369420,Minne,Gallardo,Lunéville,France,Thoughtbeat
272506,Sela,Tafani,Banī Suwayf,Egypt,Divanoodle
245377,Georas,Durnian,Nedryhayliv,Ukraine,Livetube
187415,Nicol,Goodchild,La Cruz,Mexico,Browsecat
285845,Isobel,Comusso,Rochester,United States,Twitternation
427777,Harlie,Guildford,Al Ghandūrah,Syria,Quinu
885993,Carmelita,Cosgrove,Chicago,United States,Brainverse
695810,Glynis,Andreix,Al Ya‘rubīyah,Syria,Voonder
315478,Minnnie,Queen,Uhniv,Ukraine,Fatz
416554,Mela,Cockrill,Nice,France,Teklist
198103,Dyane,Sheppard,Nyeri,Kenya,Meevee
878190,Case,Geaveny,Olympia,United States,Skaboo
314018,Hope,Perulli,Saint-Brieuc,France,Podcat
274586,Whit,Roulston,Dallas,United States,Oba
676886,Lawry,Sarten,Reading,United States,Pixoboo
904452,Warde,Porteous,Créteil,France,Feedfire
479220,Elvera,Dinsale,Morelos,Mexico,Brainbox
443147,Jack,Wallbanks,Krasnokuts’k,Ukraine,Mydo
319647,Lorenza,Hobbing,Abbeville,France,Snaptags
441674,Gaven,Loddy,Benito Juarez,Mexico,Zooveo
300367,Hakim,Andrejs,Kyrylivka,Ukraine,Vipe
866144,Crichton,Cromleholme,Benito Juarez,Mexico,Babbleblab
315384,Perice,Prahm,Uhlove,Ukraine,Realmix
543376,Meghan,Storch,Santa Anita,Mexico,Skinder
743035,Brenn,Fyldes,Banān,Syria,Realcube
298231,Linell,Avard,La Rochelle,France,Skipstorm
075100,Massimo,Willison,Conroe,United States,Mymm
210788,Amargo,Gynne,Lyon,France,Brainverse
687185,Christen,Heffernan,Ismailia,Egypt,Twitterworks
612733,Hershel,Lowres,Askaniya Nova,Ukraine,Edgeclub
520063,Ozzie,Hedditeh,Nîmes,France,Dabjam
854250,Lynn,Bedinham,Le Mans,France,Fiveclub
786273,Garrik,Clewer,Klishkivtsi,Ukraine,Yotz
930586,Burtie,Burel,Wilmington,United States,Zoomlounge
058633,Everett,Hayball,Ash Shaykh Zuwayd,Egypt,Yabox
061655,Arlie,Whittlesea,Chervonohryhorivka,Ukraine,Gevee
750259,Halette,Btham,Upton,United Kingdom,Zoomlounge
510557,Garv,Colisbe,Annecy,France,Tagtune
050087,Beaufort,Ram,Oumé,Ivory Coast,Abatz
448847,Nollie,Weald,Saint-Herblain,France,Mydeo
015073,Luce,Vsanelli,Saint-Quentin-en-Yvelines,France,Yakijo
127443,Zolly,Crewes,Jubb Ramlah,Syria,Chatterbridge
920321,Neils,Stearnes,Siaya,Kenya,Topicware
991514,Vaughn,Elloit,Nice,France,Brainlounge
220730,Claudian,Bampford,Roanne,France,Meembee
437695,Elbertina,Morsey,Buchach,Ukraine,Realpoint
095222,Tobey,Di Ruggero,Yonkers,United States,Fivechat
533096,Bev,Plet,Antony,France,Kamba
811477,Kleon,Duffet,Santa Barbara,United States,Devbug
728896,Ralina,Barfoot,Al Manşūrah,Syria,Youfeed
160907,Fabien,Fesby,Vavoua,Ivory Coast,Yodoo
227663,Rustin,Spurier,Lindavista,Mexico,Innotype
539175,Filbert,Summersett,Stockton,United States,Abatz
785627,Jaine,Canelas,Lescar,France,Wordtune
112540,Elberta,Dalla,Aime,France,Dazzlesphere
427265,Madalena,Blunderfield,Biankouma,Ivory Coast,Zava
590885,Kerby,Sargant,Zagazig,Egypt,Youbridge
169716,Madella,Matzel,Ivry-sur-Seine,France,Zooxo
101973,Sid,Chittock,Zaragoza,Mexico,Dabjam
724546,Eddy,Wandless,Ţayyibat al Imām,Syria,Photobug
281732,Gibby,Ledgley,Youngstown,United States,Aibox
378499,Erica,Gregoletti,Las Vegas,United States,Ailane
619194,Katharine,Foat,Nancy,France,Brainverse
463586,Sarena,Gettone,Lille,France,Demimbu
131301,Kathye,McNess,Des Moines,United States,Wikivu
962185,Adlai,Towsey,Mūḩ Ḩasan,Syria,Cogibox
562924,Constantia,Scotford,Sokyryany,Ukraine,Brainlounge
350918,Alastair,Cranny,Atlanta,United States,Bluejam
803211,Peterus,Alvares,Mirecourt,France,DabZ
660806,Lemmy,Gledhall,Illkirch-Graffenstaden,France,Kimia
037657,Darrick,Kumaar,Amarillo,United States,Voolia
814806,Row,Capaldo,Emiliano Zapata,Mexico,Twinte
514624,Delores,Yearby,Bhadrapur,Nepal,Photobug
440721,Gerty,Lauga,Paris 10,France,Fliptune
983712,Korney,Kohlerman,Independencia,Mexico,Rhynoodle
034837,North,Rankcom,Dante Delgado,Mexico,Pixonyx
680598,Cassie,Scales,Leeds,United Kingdom,Livetube
446045,Gareth,Obray,Sablé-sur-Sarthe,France,Flashset
971015,Worden,Rosini,Villefranche-sur-Mer,France,Twinte
556853,Hartley,Ventris,Glendale,United States,Fliptune
619915,Nathanael,Fellenor,Mont-Saint-Aignan,France,Jayo
746639,Roscoe,Jikovsky,Bochum,Germany,Youbridge
205060,Remington,Steele,Kisumu,Kenya,Skibox
017141,Arabele,Dowthwaite,Lypnyazhka,Ukraine,Dazzlesphere
582749,Cherie,Looby,Aix-les-Bains,France,Zazio
881372,Findlay,Lundberg,El Paso,United States,Thoughtbridge
731118,Rhonda,Nesbit,Conroe,United States,Jabberstorm
923252,Olva,Flament,Sioux Falls,United States,Browsebug
028294,Brandy,Kitchenside,Yampil’,Ukraine,Jetwire
321630,Marabel,Alleyn,Zhovti Vody,Ukraine,Oloo
456561,Othelia,Christofol,Sholokhove,Ukraine,Eimbee
556385,Nikki,Leathes,Lyon,France,Quaxo
531978,Marje,Fehners,Tasīl,Syria,Jaloo
710845,Mimi,Wormell,San Diego,United States,Zoonoodle
758763,Imelda,Stallen,Mykolayiv,Ukraine,Einti
448802,Jessy,MacCrann,Semenivka,Ukraine,Vinte
509766,Vicki,Lincoln,Berlin,Germany,Edgeclub
466282,Kerk,Dowson,Albi,France,Trilia
306519,Henderson,Pepper,El Zapote,Mexico,Zoomdog
075163,Kurt,Marmyon,Kacha,Ukraine,Jatri
880592,Mike,Stratford,Annecy,France,Meevee
882164,Klarika,Cockayne,Sainte-Geneviève-des-Bois,France,Dabshots
730015,Lorry,Helder,Quimperlé,France,Devshare
625769,Danell,Woodfield,Erie,United States,Tagcat
877405,Stephan,Addinall,Zdolbuniv,Ukraine,Omba
309186,Tiebout,Spellman,Lazaro Cardenas,Mexico,Katz
094251,Ami,Mordey,Vashkivtsi,Ukraine,Zoomcast
299530,Hunter,Ianno,Khust,Ukraine,Wikizz
673380,Lindsy,Held,Boise,United States,Quatz
463001,Monro,Stredwick,Santa Rosa,Mexico,Skaboo
505861,Kirstyn,Glazer,Velykoploske,Ukraine,Voomm
202160,Barnaby,Spalton,Jacksonville,United States,Oyoloo
518183,Sigfrid,Normansell,Şirrīn ash Shamālīyah,Syria,Tagchat
291972,Othelia,Bowcock,Fort Worth,United States,Babbleset
951407,Paola,Clashe,Futuroscope,France,Quinu
748222,Ainslee,Tunmore,Rueil-Malmaison,France,Photojam
462408,Gracie,Quelch,Denver,United States,Meevee
950487,Cesare,Duckinfield,Benito Juarez,Mexico,Skaboo
561884,Feliks,McCulley,Brampton,United Kingdom,Rhycero
786305,Umberto,Beacham,Chesapeake,United States,Zoomdog
066840,Jehanna,Orth,Las Vegas,United States,Kamba
367172,Lorry,O' Donohoe,Bordeaux,France,Ainyx
550598,Lombard,Bole,Al Jawādīyah,Syria,Kimia
752791,Hertha,Sisey,Frankfurt am Main,Germany,Wordpedia
058063,Darice,Foxon,Alençon,France,Janyx
578449,Steward,List,Amarillo,United States,Zoomcast
447021,Linnea,Giblin,Erie,United States,Gabtune
294437,Tirrell,Baldock,Torrance,United States,Demimbu
654576,Nancie,Warton,Orange,United States,Topicshots
876129,Sabina,Robion,San Francisco,Mexico,Gevee
748442,Jourdan,Collacombe,Washington,United States,Oyoyo
491581,Cal,Dreelan,Paris 11,France,Thoughtmix
879388,Pincus,Tilley,Tucson,United States,Einti
350718,Hester,Mulvenna,Toulon,France,Brainlounge
975185,Arnuad,Satterlee,Köln,Germany,Roodel
504365,Willa,Otton,Vylkove,Ukraine,Gabtune
189242,Hercules,Gillebride,Roissy Charles-de-Gaulle,France,Oyondu
325452,Tucky,Uden,Lillers,France,Linktype
144127,Efrem,Peotz,Grand Rapids,United States,Skinder
532412,Jacquie,Laughren,Lazaro Cardenas,Mexico,Jabbersphere
780067,Frankie,Shuttlewood,Boromlya,Ukraine,Topiczoom
457512,Nessy,Melbert,Caen,France,Oyondu
268818,Dyanne,Eastwell,Lescar,France,Chatterpoint
210020,Max,Elsley,Grenoble,France,Twitternation
773178,Jarrid,Pignon,El Mirador,Mexico,Jaxspan
314423,Livy,Crum,Shahbā,Syria,Feedbug
489799,Zandra,Bleiman,Wuppertal,Germany,Plambee
966068,Olenka,Biesty,Bochum,Germany,Yombu
165585,Brett,Digance,Richmond,United States,Vinder
421291,Dorene,McFetrich,Dortmund,Germany,Geba
046454,Chane,Pasek,Santiago,Mexico,Innotype
240273,Audra,Spawforth,Guadalupe,Mexico,Divavu
757069,Giacobo,Kolodziej,Amarillo,United States,Zoombox
003889,Chiquita,Letts,Mobile,United States,Rhynyx
321859,Isadora,Borge,Roissy Charles-de-Gaulle,France,BlogXS
664805,Scarlett,Dafter,Miguel Hidalgo,Mexico,Skaboo
001043,Marquita,O'Flannery,Vandœuvre-lès-Nancy,France,Fliptune
274699,Stavros,Benyon,Brétigny-sur-Orge,France,Oyoyo
454538,Aldous,Babonau,Los Angeles,United States,Oyoloo
649371,Muire,Hanster,Malangwa,Nepal,Skyble
297395,Reuben,Horstead,Noyal-sur-Vilaine,France,Quatz
601812,Davidde,Keam,Oklahoma City,United States,Feednation
818847,Calley,Avraam,Basyūn,Egypt,Kare
274793,Haley,Pollins,Cagnes-sur-Mer,France,Quire
835544,Doretta,Kemet,Rennes,France,Aimbu
896657,Blane,Starte,Tampa,United States,Jabbersphere
297514,Arlen,Audry,Carcassonne,France,Yotz
545893,Jarrid,Duffell,Baltimore,United States,Skiptube
547807,Nahum,Lennox,Berlin,Germany,Oba
656307,Ami,Dennerley,Issia,Ivory Coast,Eare
992732,Xerxes,Speedin,La Cruz,Mexico,Gigaclub
982484,Cori,Poletto,Manhush,Ukraine,Voolith
430500,Lanae,Peplay,Dniprovka,Ukraine,Janyx
678540,Florie,Paulsen,Horodnya,Ukraine,Skimia
650307,Loutitia,Daniells,Washington,United States,Mydeo
271511,Aundrea,Arnauduc,Cleveland,United States,Meevee
261522,Winni,Reilinger,Cleveland,United States,Divape
637948,Blair,Greenland,Angoulême,France,Youbridge
462618,Owen,Rae,Nuits-Saint-Georges,France,Ailane
620270,Hymie,Astle,Milwaukee,United States,Mymm
696538,Lombard,Gricewood,Paris 12,France,Kimia
297112,Katey,Argue,Grand Rapids,United States,Wikizz
734453,Perry,Quinnet,Strasbourg,France,Skinder
424434,Madelin,Emby,Al Maḩallah al Kubrá,Egypt,Ailane
093730,Renate,Budge,Abengourou,Ivory Coast,Latz
624637,Nikolai,Reddel,Montesson,France,Oyoyo
047530,Laughton,Kuhnert,Dallas,United States,Jaxspan
791234,Hasheem,Throssell,Shepetivka,Ukraine,Chatterpoint
090396,Nehemiah,de Grey,Siaya,Kenya,Jazzy
824992,Collette,Bunworth,Hurghada,Egypt,Plajo
392499,Jorge,Beardsdale,Chicago,United States,Quinu
053841,Tracey,Hattoe,Antonio Toledo Corro,Mexico,Yombu
260521,Vaughn,Widd,Montpellier,France,Meedoo
718715,Charley,Baccup,Markivka,Ukraine,Wordpedia
385288,Marguerite,Vinter,Mala Danylivka,Ukraine,Thoughtmix
084136,Gigi,Wyeld,Hagondange,France,Zoomzone
487535,Abelard,Houltham,Songon,Ivory Coast,Riffpedia
980086,Billie,Baptiste,Rungis,France,Thoughtsphere
257902,Creight,Roderham,Khorostkiv,Ukraine,Kwilith
951452,Amitie,Stark,München,Germany,Skibox
571654,Forster,Lantiffe,Marseille,France,Edgetag
618906,Gerianna,Cristoforetti,Lexington,United States,Avamm
647966,Nicolea,Greene,Machakos,Kenya,Shufflebeat
985321,Layne,Kydde,Chicago,United States,Brainbox
012149,Eilis,Limeburn,Sinfra,Ivory Coast,Topicblab
578452,Mallorie,Cornwell,Tulsa,United States,Fivespan
975969,Leigha,Stockbridge,Montpellier,France,Tagpad
629282,Therine,Gusticke,Mundolsheim,France,Gabtype
088364,Antoine,Ching,Dillenburg,Germany,Reallinks
732730,Leisha,Matthius,Mérignac,France,Kimia
463903,Spike,Marrow,Kivertsi,Ukraine,Ozu
085273,Bellina,Coward,Lorient,France,Edgeify
276738,Elwira,Graveston,Mospyne,Ukraine,Lazzy
308278,Kissee,Lamont,Lille,France,Katz
435423,Valentino,Burridge,El Mirador,Mexico,Flashset
537248,Buffy,Porteous,Benito Juarez,Mexico,Blogspan
171917,Janeta,Urling,South Bend,United States,Pixonyx
886650,Sauveur,Danielczyk,Potelych,Ukraine,Gigaclub
970946,Trefor,Giacomi,Orlando,United States,Brightdog
252805,Luigi,Enderby,An Nāşirah,Syria,Kwideo
165823,Dom,Vasyunin,Champaign,United States,Jaxworks
136602,Madison,Pentecost,Oleksandriya,Ukraine,Meemm
658520,Mella,Rakestraw,Alençon,France,Bluezoom
753607,Aubine,Friar,Béziers,France,Thoughtmix
899065,Eric,Giannini,Hannover,Germany,Roodel
002533,Inger,Ollander,Stamford,United States,Gabspot
091691,Richmound,Bontine,At Tibnī,Syria,Flipbug
498108,Niccolo,Tomlinson,Ma‘arrat an Nu‘mān,Syria,Mynte
985756,Kiah,Lober,Saint-Flour,France,Fadeo
568958,Geordie,Fossey,Jeffersonville,United States,Brainbox
609741,Even,Nasi,Heilbronn,Germany,Ozu
301131,Staford,Cordova,Bayonne,France,Mycat
127424,Yolande,Guidotti,Niort,France,Gigazoom
875879,Benetta,Lewsam,Macon,United States,Npath
319960,Farrell,Meedendorpe,Paris 13,France,Blogtag
580902,North,Gianinotti,Remiremont,France,Kanoodle
861303,Janelle,Tomaselli,Khirbat Tīn Nūr,Syria,Gabcube
002100,Meta,Lamyman,Jaleswar,Nepal,Wordpedia
914969,Luella,Fludgate,Youngstown,United States,Buzzster
842310,Aristotle,Narraway,Longjumeau,France,Avamm
066741,Lin,Kasparski,Milwaukee,United States,Reallinks
483831,Sharon,Crummie,Merefa,Ukraine,Fivechat
967872,Orsola,Ropkes,Kiev,Ukraine,Vitz
343760,Tiphany,Titherington,Zuénoula,Ivory Coast,Pixonyx
043052,Raynard,Ephson,Hamburg,Germany,Babblestorm
139402,Kira,Fulep,Nikita,Ukraine,Zoonder
853367,Garik,Bastie,Peoria,United States,Twitternation
764540,Caleb,Domenicone,Lazaro Cardenas,Mexico,Skinder
880728,Fanechka,Pickavance,Arnage,France,Babbleset
060919,Matti,Moseby,Ocala,United States,Midel
477997,Jasper,Sesons,Nanterre,France,Zooveo
981574,Pen,Stonier,Chornobay,Ukraine,Yamia
999952,Giralda,Leathlay,Tall Abyaḑ,Syria,Browseblab
854277,Thorstein,Beartup,Lancaster,United States,Skipstorm
542101,Arturo,De Freyne,Béziers,France,Twitterbeat
493065,Jefferey,Morman,San Antonio,Mexico,Divape
861317,Penny,Heeks,Velyka Bilozerka,Ukraine,Eadel
363800,Annalise,Baumber,Emiliano Zapata,Mexico,Twimm
747447,Adara,Eake,Chicago,United States,Riffpedia
896664,Dew,Timson,Nogent-le-Rotrou,France,Demivee
120011,Helga,Swyndley,Tallahassee,United States,Brightbean
754275,Suzette,Dolan,Martigues,France,Gabtune
121611,Joannes,Britnell,Ţāmiyah,Egypt,Brainlounge
235141,Hilarius,Ginnety,Zagazig,Egypt,Rhybox
123770,Coop,Girard,La Loma,Mexico,Meemm
947100,Analise,Timcke,Arcueil,France,Devify
049673,Kahaleel,Plessing,Los Angeles,United States,Meemm
266968,Natalee,Fardo,Marseille,France,Linkbuzz
007901,Rudie,Demare,Banī Mazār,Egypt,Jayo
354540,Beitris,Labbey,Minneapolis,United States,Twitterbridge
996632,Ealasaid,Vonasek,Paris 15,France,Twinte
966402,Gibby,Dempsey,Fovissste,Mexico,Gabvine
128901,Dewitt,Hrinchishin,Tānsen,Nepal,Rhynyx
335961,Claribel,Franiak,Honolulu,United States,Tambee
431948,Matthew,Benbough,Thorpe,United Kingdom,Eadel
082232,Marje,Di Maria,Ferkessédougou,Ivory Coast,Linkbridge
829399,Zedekiah,O Sullivan,Versailles,France,Bubblemix
706256,Delila,Chooter,Oakland,United States,Kayveo
348763,Bartolomeo,Burlingame,Pohrebyshche,Ukraine,Photobean
369406,Nicol,Eastwood,San Agustin,Mexico,Trilia
149845,Benedick,Matschke,Plakhtiyivka,Ukraine,Jetwire
957952,Lynett,Jewitt,Niort,France,Yadel
029422,Glennis,Pincked,Houston,United States,Kanoodle
053820,Maynord,Antonijevic,Rouen,France,Vimbo
065933,Elbert,Shermar,Aubergenville,France,Divanoodle
047429,Sherrie,Corkell,Luzhany,Ukraine,Demimbu
756992,Berkie,Butterick,Carcassonne,France,Twitterlist
960636,Nisse,Beebee,Niort,France,Edgepulse
206147,Gerry,Garz,Mankono,Ivory Coast,Oyoyo
227370,Olin,Cornuau,Pokotylivka,Ukraine,Skyvu
695970,Florencia,De Michetti,Honolulu,United States,Oyoloo
624987,Lulita,Jurgen,Tampa,United States,Browsedrive
057401,Forbes,Jordon,Le Mans,France,Kwimbee
083770,Mady,Mycroft,Reston,United States,Cogidoo
913701,Bettine,Furney,Forbach,France,Mydeo
959668,Vergil,Arnot,Duisburg,Germany,Centimia
802975,Mic,Ciotto,Paris 02,France,Dynava
715653,Piper,Phoenix,Horodnya,Ukraine,Bubblemix
257250,Gherardo,Tidball,Mülheim an der Ruhr,Germany,Chatterbridge
911138,Arielle,Endon,Moissy-Cramayel,France,Eamia
370533,Ilse,MacRinn,Hisya,Syria,Lajo
911085,Marsiella,Santostefano.,Morelos,Mexico,Meedoo
242129,Karlie,Pauwel,Bezlyudivka,Ukraine,Jabbertype
689739,Maia,Scoterbosh,Charlotte,United States,Voolith
862487,Elly,Wittier,Montbrison,France,Izio
545910,Saul,Pridham,Pittsburgh,United States,Yabox
592796,Sarene,Cottingham,Quwaysinā,Egypt,Topicstorm
214782,Gamaliel,Vanstone,Brooklyn,United States,Meezzy
000304,Hadley,Pendlenton,Zachepylivka,Ukraine,Rhybox
727925,Gerti,Babington,Paris La Défense,France,Kwilith
698653,Natka,Robelet,Ma‘dān,Syria,Mycat
512267,Shae,Rennolds,San Cristobal,Mexico,Oyondu
947694,Novelia,Ribbens,Pomichna,Ukraine,Photolist
382239,Holly,Starton,Chicago,United States,Flipbug
398922,Rebeka,Glidden,Daytona Beach,United States,Riffwire
422577,Hughie,Avrahm,Malindi,Kenya,Jaxbean
619938,Amalle,Sketcher,Topory,Ukraine,Edgetag
538717,Lauren,Airs,Roskoshnyy,Ukraine,Zoonoodle
040465,Amelita,Saunter,Chalon-sur-Saône,France,Oyondu
378496,Basia,Godlee,Cincinnati,United States,Yoveo
146042,Jessi,Ellett,Levallois-Perret,France,Youfeed
165859,Blondelle,Satteford,Toumodi,Ivory Coast,Oloo
521119,Zaneta,Mault,Sioux City,United States,Bubblemix
570687,Joya,Orrobin,Savannah,United States,Skipfire
801428,Jacquelin,Realph,Boromlya,Ukraine,Meeveo
675450,Benito,Kennagh,Del Valle,Mexico,Twimbo
161323,Donny,Bowskill,Sosnytsya,Ukraine,Quamba
828772,Siusan,Santostefano.,Brétigny-sur-Orge,France,Oyoloo
673164,Vivi,Comrie,Hollywood,United States,Cogilith
624366,Xaviera,McKendo,Sterling,United States,Aimbo
867362,Eloisa,Davitt,Villeneuve-sur-Lot,France,Gabspot
169176,Jeralee,Danes,Dijon,France,Oodoo
572898,Von,Copner,Les Sables-d'Olonne,France,Aivee
245147,Elga,Misselbrook,Fécamp,France,Centidel
347363,Mord,Hardstaff,Skalat,Ukraine,Trudoo
615782,Gennifer,Breton,Zhuravka,Ukraine,Aimbo
672404,Simeon,Edson,Mont-de-Marsan,France,Agimba
730316,Olenka,Rassell,Starychi,Ukraine,Divape
259787,Elene,Boobyer,Dailekh,Nepal,Devpulse
616528,Gavra,Danick,Cergy-Pontoise,France,Voonix
416516,Irita,Bryers,Santa Cruz,United States,Twitternation
856483,Sergent,Shewan,Paris 15,France,Snaptags
829764,Yale,Craighill,Dallas,United States,Roomm
395141,Joshuah,O'Rourke,Agen,France,Abatz
534209,Mallory,Hanrott,Lanchyn,Ukraine,Pixoboo
482480,Chet,Liddington,Montluçon,France,Dabfeed
933382,Jocelin,Duligal,Jackson,United States,Quire
369709,Franky,Dunbar,Las Animas,Mexico,Zoomcast
536276,Pace,Chaize,Aime,France,Divavu
612816,Brnaba,Esome,Oklahoma City,United States,Aimbo
306616,Leo,Cantero,Bile,Ukraine,Rhynoodle
388190,Frants,Dorow,Charleston,United States,Photobean
564155,Kim,Thacker,Denton,United States,Gabtype
400845,Kalinda,Tomashov,Revolucion,Mexico,Realbridge
127387,Maddie,Schleswig-Holstein,Marseille,France,Oodoo
783489,Natalee,Pengilly,Forbach,France,Livefish
342250,Jewelle,Slimming,La Rochelle,France,Geba
700283,Carleen,Tiery,Volovets,Ukraine,Dynava
529965,Barbabra,Chaimson,Saint-Laurent-Blangy,France,Livetube
234180,Ronald,Pankhurst.,Shabo,Ukraine,Blogtags
033124,Chaunce,Vakhrushev,Independencia,Mexico,Twiyo
907259,Katine,Seadon,Paris 09,France,Realcube
935837,Jacki,Gilbey,Puteaux,France,Izio
986647,Cleve,Scinelli,Farshūţ,Egypt,Snaptags
705866,Hildagarde,Rennolds,Spring,United States,Riffwire
108666,Britta,Chilles,Boynton Beach,United States,Skipstorm
781069,Nanette,Deaves,Rouen,France,Yodo
041412,Kamilah,Start,Al Buţayḩah,Syria,LiveZ
784002,Gracie,Priditt,Grenoble,France,Zoomzone
216607,Rozalie,Aleksic,Zvenyhorodka,Ukraine,Youspan
347248,Timoteo,Jeffcoat,Charlton,United Kingdom,Browsebug
994401,Walliw,Ashment,Nashville,United States,Dabvine
005957,Chucho,Champkins,Colorado Springs,United States,Bubblemix
525799,Donovan,Barthrup,Pomichna,Ukraine,Thoughtbridge
076436,Lilly,Dykins,Évreux,France,Feedbug
457252,Porty,Derell,Volnovakha,Ukraine,Rhynoodle
942849,Sarge,Mattiazzi,Marne-la-Vallée,France,Flipbug
520462,Laetitia,Greasley,Chalon-sur-Saône,France,Skilith
096278,Micki,Knight,Makueni,Kenya,Flipbug
703212,Justus,Lightwing,Al Kiswah,Syria,Leenti
528708,Reba,Howel,Guadalupe,Mexico,Oodoo
596439,Zora,Niave,Kharkiv,Ukraine,Devpulse
687772,Genvieve,Cremer,Lyubashivka,Ukraine,Reallinks
600597,Shirline,Melmeth,San Miguel,Mexico,Topicware
735036,Ali,Bigley,Neuilly-sur-Marne,France,Kazio
047440,Mollee,Smaile,Laurel,United States,Devpoint
344215,Avrom,Millins,Sotteville-lès-Rouen,France,Meezzy
606425,Phillie,Girke,Derhachi,Ukraine,Tagopia
424762,Ramon,Pentecost,Los Mangos,Mexico,Linkbuzz
789325,Milo,de Clerc,Chuhuyiv,Ukraine,Oloo
836614,Beatriz,Badwick,Avon,France,Zoovu
266953,Angele,Lotwich,Tourcoing,France,Npath
536237,Justen,Barensky,Le Raincy,France,Zoombeat
230385,Olva,Gosden,Bagneux,France,Jabbersphere
101660,Rudiger,Alphonso,Aime,France,Mydo
600624,Palmer,Cristou,Dearborn,United States,Buzzdog
189720,Orbadiah,Oxenden,Rafaḩ,Egypt,Quatz
269493,Madeleine,Sabathe,San Isidro,Mexico,Skimia
020536,Cleopatra,Swadling,Auray,France,Agimba
776630,Corbett,Normabell,Luhans’ke,Ukraine,Agimba
002128,Elsa,Hallaways,Long Beach,United States,Yoveo
760757,Catherine,Scotts,Angoulême,France,Shuffletag
115276,Aleksandr,Aleavy,Santa Rosa,Mexico,Trudoo
147434,Jane,Parade,La Virgen,Mexico,Geba
690683,Regan,Jone,San Diego,United States,Viva
529183,Demetrius,Atherton,Albi,France,Lazz
645267,Elysee,Hackly,Alameda,Mexico,Cogibox
878939,Yulma,Teml,Tucson,United States,Zava
842969,Edwina,Crone,Aston,United Kingdom,Geba
941812,Forster,Persey,Oster,Ukraine,Skajo
653977,Salome,Pinke,Dvorichna,Ukraine,Izio
913108,Courtnay,Liversedge,Khorostkiv,Ukraine,Thoughtblab
538000,Gael,Tufts,Conroe,United States,Buzzshare
742273,Brook,Pratte,Rosetta,Egypt,Fanoodle
360618,Guinna,Rainsden,Volodars’k-Volyns’kyy,Ukraine,Jaxnation
757097,Maggy,Malser,Massy,France,Midel
641318,Lek,Rangall,Saint-Laurent-du-Var,France,Oba
655191,Antoni,Shenton,Quimper,France,Kazio
598435,Francesco,Delacour,Lafayette,United States,Thoughtstorm
922668,Blondell,Presley,Saint-Avold,France,Shuffledrive
808928,Salomon,Errol,Villefranche-sur-Mer,France,Oloo
243925,Gram,Coarser,Bordeaux,France,Rooxo
740280,Davidson,Medhurst,Ajaccio,France,Jaloo
327014,Yehudi,Kelly,Guadalupe,Mexico,Tagpad
252648,Des,D'Enrico,Asnières-sur-Seine,France,Feedspan
681283,Jaquith,Bullen,Derhachi,Ukraine,Yambee
497729,Glenn,Saph,Bryan,United States,Yozio
256580,Harlie,Emerton,Le Havre,France,Pixoboo
575869,Emelda,Sargint,Venustiano Carranza,Mexico,Dazzlesphere
610128,Richie,Ricardet,El Paraiso,Mexico,Flashset
971631,Rosanne,Schlagh,Montluçon,France,Yamia
313424,Daren,Hevner,Dieppe,France,Shufflebeat
633052,Clarette,Verlinden,Paris 14,France,Demivee
477892,Kaye,Buttwell,Millau,France,Flashspan
038577,Brittni,Bamell,Marshintsy,Ukraine,Shufflebeat
698809,Coleen,Packington,Sinfra,Ivory Coast,Demizz
310248,Terence,Bodle,Church End,United Kingdom,Twitterbridge
809555,Say,Losemann,Firminy,France,Buzzdog
416641,Nancy,Deluze,Adolfo Ruiz Cortines,Mexico,Camimbo
806195,Kienan,Yelland,Vyshneve,Ukraine,Ailane
225547,Stafford,Ayer,Lons-le-Saunier,France,Wordtune
612936,Annalee,Myner,Blois,France,Aimbu
122662,Humberto,Valois,Chartres,France,Zoomlounge
468682,Josi,Pooly,Edinburgh,United Kingdom,Babbleset
261071,Morie,Werndley,Rochefort,France,Rhycero
810295,Jedediah,Lesper,Arbuzynka,Ukraine,Kazio
227505,Claudetta,Ockwell,Sulūk,Syria,Centidel
533374,Barbara,Wentworth,Chalon-sur-Saône,France,Jabbersphere
412830,Bud,Bulfit,Ochakiv,Ukraine,Yadel
587094,Wolf,Frowing,Vienna,United States,Ainyx
624553,Lauraine,Buttriss,Kousa,Egypt,Skiptube
239191,Bree,Childs,Claye-Souilly,France,Skalith
695658,Peggie,Petters,Alchevs’k,Ukraine,Yadel
483782,Julio,Pengelley,Knoxville,United States,Youopia
167732,Wilhelm,Biggadike,Halle,Germany,Dabfeed
018221,Olia,Cockarill,Ichnya,Ukraine,Dabjam
961366,Abagael,Linklater,Norfolk,United States,Dynabox
680895,Godwin,Gavin,Duwayr Raslān,Syria,Jayo
924794,Alverta,Newland,Aston,United Kingdom,Linktype
563842,Godard,Ronaldson,Washington,United States,Zoomzone
375109,Dalis,Mingay,Al Khushnīyah,Syria,Dynazzy
741475,Silvio,Foucard,Las Vegas,United States,Aimbo
402816,Alaster,Yukhnev,Fontenay-sous-Bois,France,Brainsphere
213952,Owen,Portigall,Toulouse,France,Trudoo
529431,Broderic,Hassekl,Philadelphia,United States,Zoombox
106790,Letisha,Raitt,Angoulême,France,Realbuzz
635987,Garrot,Sizeland,Walton,United Kingdom,Innotype
889055,Boycie,Frost,La Soledad,Mexico,Buzzshare
949699,Salmon,Saiens,San Jose,United States,Skimia
516597,Aubry,Mockett,Bordeaux,France,Vidoo
866076,Enid,Jaye,Lazaro Cardenas,Mexico,Kanoodle
467602,Valle,D' Angelo,Avranches,France,Cogibox
028767,Edwin,Livingstone,Châteauroux,France,Twitterwire
595648,Jen,Juden,Kolodenka,Ukraine,Tagopia
842688,Perrine,Friese,San Antonio,Mexico,Brainsphere
121850,Kandy,Whinray,Kisumu,Kenya,Leexo
148604,Cleveland,Scouse,Dallas,United States,Jetpulse
717246,Stefania,Alenichicov,Castres,France,Podcat
898583,Flossi,Brandone,Jamaica,United States,Divanoodle
058223,Ludvig,MacGall,Charenton-le-Pont,France,Kamba
041733,Dulcine,Songust,Philadelphia,United States,DabZ
451492,Dani,Dodamead,Bagneux,France,Oloo
154795,Gloriane,Joicey,New York City,United States,Photofeed
249591,Teodorico,Menere,Aurora,United States,Devify
695209,Gusta,Davidge,Troyes,France,Flashdog
276610,Bennie,Cucinotta,Marseille,France,Kwideo
150705,Rayshell,Pedwell,Vincennes,France,Twimm
616049,Jessa,O'Hartigan,Colorado Springs,United States,Riffpedia
154223,Tobit,Simonnot,Montgomery,United States,Wikido
382317,Giles,Branno,Brooklyn,United States,Browsezoom
792184,Verina,Magauran,Nakuru,Kenya,Linktype
561373,Hamlen,Axtens,Pontivy,France,Vimbo
988694,John,Lipp,Akron,United States,Skyndu
006996,Chelsie,Beardshaw,Korsun’-Shevchenkivs’kyy,Ukraine,Kayveo
448294,Naoma,Clackers,Dallas,United States,Mynte
992538,Jillayne,Simmonite,Venustiano Carranza,Mexico,Zoozzy
413243,Sheri,Tockell,Norwalk,United States,Riffwire
205153,Nollie,Semeradova,Argenteuil,France,Linklinks
468067,Ardenia,Burrell,La Rochelle,France,Photobug
932635,Pippy,Cowpe,Bibrka,Ukraine,Eidel
206769,Ediva,Farlambe,Colomiers,France,Jabbercube
356066,Huey,Powderham,Maralal,Kenya,Photojam
428525,Rolfe,McClean,Miami Beach,United States,Yamia
998044,Barde,Gerbi,New York City,United States,Mydo
577578,Tobe,Edmand,Arles,France,Ailane
612131,Edouard,Richens,La Palma,Mexico,Thoughtsphere
995946,Christian,Fere,Toulouse,France,Tagchat
390466,Edd,Busch,Bayeux,France,Kwilith
179942,Gawain,Bircher,Shawnee Mission,United States,Quimm
252125,Britni,Maffioletti,Kacha,Ukraine,Wikizz
714432,Alister,Brandolini,Cuauhtemoc,Mexico,Aibox
453659,Lemar,Linner,Hamburg,Germany,Skidoo
381176,Tamarah,Merrisson,Kitui,Kenya,Realcube
736405,Tull,Kennewell,Makiyivka,Ukraine,Aimbo
769375,Hew,Keely,Dunaivtsi,Ukraine,Skiba
929931,Maritsa,Veevers,Bayt Yāshūţ,Syria,Vidoo
115247,Drusie,Antonsen,Zdolbuniv,Ukraine,Babbleopia
164457,Esdras,Needham,Lille,France,Avavee
669156,Charmain,Henlon,Hartford,United States,Yoveo
821984,Arty,Davidov,Nyeri,Kenya,Thoughtstorm
112781,Mathe,Quarrell,Berdyans’k,Ukraine,Browsetype
905497,Antons,Bratcher,Abū Qalqal,Syria,Fliptune
078529,Verene,Boggers,Oklahoma City,United States,Tazz
067520,Eugenius,Sellwood,Springfield,United States,Realpoint
446695,Rhetta,Redhouse,Dallas,United States,Rooxo
118446,Erick,Scougall,Savannah,United States,Kazio
691788,Carolin,Perrelle,Fovissste,Mexico,Shufflester
171674,Karil,Schmidt,Korets’,Ukraine,Tekfly
725548,Salvidor,Allicock,Augusta,United States,Yotz
975029,Hobart,Oiller,Clermont-Ferrand,France,Brightdog
214223,Valentine,Escale,Besançon,France,Edgeify
728174,Candide,Dalley,La Roche-sur-Yon,France,Topicshots
363243,Roxana,Aggas,Toledo,United States,Wikizz
906946,Dagny,Borland,Krasnyy Luch,Ukraine,Buzzbean
568529,Brien,Gulliman,San Lorenzo,Mexico,Avamm
068288,Gwendolen,Kasbye,Poitiers,France,Mita
204450,Stanleigh,Elmore,Molodizhne,Ukraine,Tazz
373450,Bastian,Candish,Hubynykha,Ukraine,Eare
997950,Dav,Chicotti,Al Minyā,Egypt,Twitternation
116160,Fredrika,Camili,San Francisco,Mexico,InnoZ
574414,Verene,Disbury,Makadi Bay,Egypt,DabZ
445590,Felicle,Ambrosi,Luts’k,Ukraine,Snaptags
465264,Isadore,Thon,Périgny,France,Innojam
943394,Retha,Aspinal,Al Qāmishlī,Syria,Youbridge
492213,Marisa,Blyde,Paris 19,France,Ntags
924166,Dominique,Sacchetti,Tampa,United States,Jabberbean
650865,Silvano,MacLardie,Corpus Christi,United States,Jabbercube
050264,Aguste,Abramsky,Orsay,France,Buzzdog
122166,Bendix,Coalburn,Philadelphia,United States,Flashset
327607,Nero,Rabb,Urzuf,Ukraine,Babbleblab
112232,Steve,Witty,Duluth,United States,Cogibox
317833,Koo,Josse,San Miguel,Mexico,Tagcat
716383,Raoul,Gilsthorpe,Svyatogorsk,Ukraine,Snaptags
222101,Robinia,Gasking,Chico,United States,Buzzbean
474071,Maria,Rushton,Al Bāriqīyah,Syria,Dynabox
114181,Loella,Morey,Askaniya Nova,Ukraine,Eadel
456745,Raye,Fishleigh,Korsun’-Shevchenkivs’kyy,Ukraine,Youspan
060937,Ave,Lambal,Lazaro Cardenas,Mexico,Mydo
320580,Bowie,Dubarry,Kirovohrad,Ukraine,Youbridge
771740,Elane,Foxcroft,Paris 08,France,Thoughtblab
833558,Michelina,Stripp,Seminole,United States,Dabjam
381283,Sada,Chaudron,Pnikut,Ukraine,Photolist
341198,Darlleen,Mulvany,Atlanta,United States,Jabberbean
467280,Orion,Milkeham,El Refugio,Mexico,Voolith
286292,Hadrian,Maxted,Morelos,Mexico,Livefish
086059,Tally,Amys,Lazaro Cardenas,Mexico,Edgeblab
417054,Boony,Pedler,Nancy,France,Shufflester
848748,Kari,Ridout,Miguel Hidalgo,Mexico,Edgewire
040166,Candice,Hindenburg,Komsomol’s’ke,Ukraine,Vinder
865357,Carola,Sargood,Düsseldorf,Germany,Eamia
956348,Murdock,Stamper,Greenville,United States,Devcast
210519,Freddy,Diegan,Bilohirs’k,Ukraine,Youtags
941567,Mela,Aubery,Orange,France,Voonyx
379214,Bel,Cleverly,Affery,Ivory Coast,Linkbuzz
119745,Janek,Clowney,Cergy-Pontoise,France,Buzzdog
276349,Mickie,McClaurie,Berlin,Germany,Ozu
391968,Sheffy,Kennefick,Bellavista,Mexico,Thoughtsphere
501861,Leigh,Grcic,Saint-Leu-la-Forêt,France,Thoughtstorm
594990,Seumas,Wordsworth,Tampa,United States,Skivee
357310,Haydon,Betun,Clermont-Ferrand,France,Feednation
760719,Moyra,Dabnor,Coulommiers,France,Jabberbean
904297,Trudi,Willoway,Al Mazra‘ah,Syria,InnoZ
564005,Karon,Haddrill,La Roche-sur-Yon,France,Voonder
474238,Jules,Hefner,Paris 09,France,Aibox
647619,Lulu,Fear,Roanne,France,Jayo
761569,Hugh,Spurriar,San Antonio,Mexico,Thoughtmix
669659,Padriac,Carbry,Jacksonville,United States,Trupe
657455,Gracie,Peterken,Knoxville,United States,Wikivu
032462,Loren,Beddoes,Colomiers,France,Meemm
757296,Pate,Trebilcock,Saint-Flour,France,Avamba
514504,Royal,Mundell,Arwād,Syria,Voonyx
507503,Skyler,Henric,Charleston,United States,Voolia
284894,Garrett,Antao,Verenchanka,Ukraine,Babbleblab
365852,Dennis,Gatheridge,Emiliano Zapata,Mexico,Trilith
589284,Reider,Chatelot,Poitiers,France,Realcube
055891,Pauline,Marfield,Lyon,France,Skimia
523700,Moria,De Ferrari,Paris 14,France,Livefish
918641,Janith,Toffetto,Junaynat Raslān,Syria,Demizz
841726,Biddie,Sterling,Mahendranagar,Nepal,Babblestorm
769860,Johnathan,Don,Chervone,Ukraine,Oyope
077947,Gwenny,Legging,Saint-Claude,France,Kwilith
012050,Aldus,Matthius,Columbus,United States,Yombu
959710,Sterne,Alway,Miguel Hidalgo,Mexico,Devpoint
774473,Carney,Adlington,Hannover,Germany,Realbuzz
221336,Zulema,Janecki,Aş Şaff,Egypt,Yacero
450716,Chariot,Whellans,Versailles,France,Blogtag
012728,Karoline,Vaux,Montpellier,France,Eazzy
380895,Phoebe,Malinson,Piskivka,Ukraine,Zoomdog
522633,Noah,Makinson,Dijon,France,Wikido
150220,Jamie,Millican,Santa Ana,United States,Talane
205852,Viole,Gockeler,Caen,France,Rhyzio
643228,Adiana,Sleigh,Shakhtars’k,Ukraine,Eidel
918830,Thorndike,Longmore,Cergy-Pontoise,France,Skippad
750354,Eve,Ivanyutin,Francisco Villa,Mexico,Mycat
718919,Pavlov,Lambdon,Créteil,France,Oodoo
358436,Aprilette,Postle,Las Vegas,United States,Youfeed
554449,Gannon,Harnes,Novohrad-Volyns’kyy,Ukraine,Jamia
668877,Ronda,Ferreo,Angoulême,France,Geba
987632,Daniella,Lafoy,Sloboda,Ukraine,Brightdog
313345,Neall,Hallbird,Schiltigheim,France,Linktype
679891,Elli,Duffill,Voyutychi,Ukraine,Rhynoodle
408114,Calli,Schimon,Bakersfield,United States,Tagpad
763252,Ruby,Chisman,Kremidivka,Ukraine,Gabcube
854747,Frayda,Goudman,Springfield,United States,Youtags
552747,Hildagarde,Pikett,Angoulême,France,Babblestorm
543678,Hube,Foucard,El Paso,United States,Thoughtstorm
332414,Micky,Fintoph,L'Aigle,France,Abata
930130,Madelon,Roset,Marseille,France,Flashdog
360481,Kent,Davie,Frontignan,France,Skipstorm
134065,Gretel,Gumbley,Rancho Nuevo,Mexico,Skinder
588093,Lorenza,Entres,Saint-Quentin-en-Yvelines,France,Demivee
103567,Marget,Tubb,Buenavista,Mexico,Skiptube
315077,Hilarius,McGinny,Tallahassee,United States,Roombo
670572,Tadeas,Ivanishchev,Nove-Misto,Ukraine,Abatz
127205,Kellsie,O'Donnelly,Emiliano Zapata,Mexico,Babbleblab
746652,Kelly,MacClay,Kapitanivka,Ukraine,Wordpedia
045848,Sanderson,Linnell,Rodez,France,Agivu
710741,Flora,Dowgill,München,Germany,Vidoo
037453,Bennett,Marklow,Şalākhid,Syria,Devpoint
722404,Regen,Philipot,Kozhanka,Ukraine,Skipfire
172355,Brandie,Macrae,Guyancourt,France,Eabox
037467,Yettie,Di Giorgio,La Concepcion,Mexico,Yotz
291307,Rosalyn,Lendon,Kiev,Ukraine,Youtags
405937,Gayelord,Hatcher,Starychi,Ukraine,Yombu
623376,Freda,Flatt,La Concepcion,Mexico,Twitterlist
577289,Aretha,Gimson,Raleigh,United States,InnoZ
862735,Elsey,Surcomb,Milwaukee,United States,Thoughtworks
168132,Flossi,Menier,Conroe,United States,Ailane
075173,Karon,Norssister,Kafr Nubl,Syria,Twimbo
100566,Cecelia,Rollings,Saint-Avertin,France,Blogtag
472504,Loella,Ashmore,Rennes,France,Brainverse
497916,Xaviera,Colton,Hagondange,France,Dynabox
024452,Janine,Laible,Saint-Amand-les-Eaux,France,Photobean
016302,Janaya,Frostick,Houston,United States,Youfeed
223382,Fons,Tremethack,Komyshany,Ukraine,Quinu
156970,Frazier,Sidwick,Houston,United States,Browsetype
827831,Gusti,Ledes,Benito Juarez,Mexico,Skivee
384019,Arney,Larose,Malaḩ,Syria,Brainverse
004000,Louisa,Dripps,Chervonoarmiys’k,Ukraine,Twitterbeat
905545,Minnaminnie,Iacovucci,Evansville,United States,Flashset
619712,Bond,Malcolmson,Karapyshi,Ukraine,Yabox
440704,Halley,Piwell,Austin,United States,Npath
809263,Winonah,Foulks,Poitiers,France,Plambee
043112,Julia,Webling,Braunschweig,Germany,Skinix
910592,Antonina,Tofanini,Independencia,Mexico,Jabbertype
403608,Whitney,O'Hartnett,Brest,France,Nlounge
021565,Rodolfo,Piffe,Boise,United States,Jaxworks
096267,Gabriel,Cribbott,Sannois,France,Oyoloo
069976,Ave,Eakle,Bonneuil-sur-Marne,France,Kare
725398,Guilbert,Parchment,Cleveland,United States,Feednation
408888,Odo,Finnie,Manuel Cavazos Lerma,Mexico,Devbug
114171,Rooney,Roon,Oklahoma City,United States,Photolist
856233,Taite,Lomaz,Dzhankoy,Ukraine,Gabspot
076234,Joann,Trouel,Kansas City,United States,Edgewire
548179,Kit,Renner,Quetigny,France,Brainlounge
848581,Meriel,Nassie,Kalyny,Ukraine,Voonyx
169207,Aldin,Poncet,Jackson,United States,Topdrive
813276,Dukey,Bainbrigge,Brovary,Ukraine,Fadeo
971028,Olenolin,Driver,Al Ḩāmūl,Egypt,Plajo
218002,Myranda,Bakster,Orlando,United States,Ainyx
540927,Ophelia,Patnelli,Vyshneve,Ukraine,Avamba
900906,Miner,Doxsey,Los Pinos,Mexico,Zava
850227,Grantham,Oolahan,Novoselitsa,Ukraine,Quire
802487,Buffy,Beake,Decatur,United States,Talane
518365,Annemarie,Folca,La Esperanza,Mexico,Cogidoo
649295,Erasmus,Keenlyside,Istres,France,Brainverse
044870,Morris,Teather,Zhovti Vody,Ukraine,BlogXS
258411,Ives,Battye,Montesson,France,Kwimbee
346030,Adelind,De Gogay,Yizhivtsi,Ukraine,Centimia
221100,Jacquelynn,Skellon,Montluel,France,Yoveo
006055,Alethea,Jelly,Rockford,United States,Meeveo
258806,Debbie,Ritchley,Paris 07,France,Browsezoom
942765,Naoma,Gouley,Strasbourg,France,Midel
612077,Aliza,Pickles,Perpignan,France,Ainyx
444356,Johannah,Mannock,East End,United Kingdom,Katz
176831,Lammond,Millichap,Kitale,Kenya,Camido
143365,Shoshana,Fairfoul,Vernon,France,Feedmix
154054,Barn,Hummerston,Toulon,France,Skiba
366704,Elvina,Dickerson,Smyga,Ukraine,Teklist
624933,May,Gonnely,Berezne,Ukraine,Browseblab
709290,Moria,Cornuau,Reforma,Mexico,Wordware
763690,Orelia,Castangia,Los Nogales,Mexico,Voomm
585366,Ardine,Robberecht,Corona,United States,Photojam
049966,Tonya,Tarbert,San Jose,Mexico,Brainbox
187001,Kessia,Kingsly,Krasnopillya,Ukraine,Skyba
713707,Joane,Gendrich,Los Pinos,Mexico,Devpulse
498821,Jordana,Studdeard,Bhairāhawā,Nepal,Gabtype
728289,Yank,Attryde,Austin,United States,Yotz
833912,April,Westwell,Louisville,United States,Eayo
252544,Dillon,Reef,Miguel Hidalgo,Mexico,Quatz
014042,Teresita,Laingmaid,Luzhany,Ukraine,Tagcat
915726,Iris,Nutton,Amiens,France,Twitterbridge
942422,Kathy,Wolledge,Kiel,Germany,Gabtune
411945,Gay,Northway,Bonneuil-sur-Marne,France,Lazz
800641,Nicko,Jillis,Lakota,Ivory Coast,Wikibox
874824,Glen,Pasquale,Adolfo Lopez Mateos,Mexico,Topiczoom
248667,Francine,Figliovanni,Tul’chyn,Ukraine,Shufflester
594484,Olivia,Darey,New York City,United States,Gabvine
865288,Jewell,Clifft,Mulhouse,France,Kimia
912250,Tessie,Revett,Dailekh,Nepal,Skiba
606454,Hill,Haggeth,Novopokrovka,Ukraine,Skipfire
697046,Gerrie,Abrahmovici,Corpus Christi,United States,Skyvu
532633,Sloane,Caris,Miribel,France,Thoughtbeat
655758,Pepe,Durrant,Hidalgo,Mexico,Photojam
131425,Zack,Kelf,Virginia Beach,United States,DabZ
294400,Niki,Bramsom,Van Nuys,United States,Jaxnation
102835,Zeke,Pagan,Midland,United States,Thoughtblab
536099,Cecil,Mussen,Rungis,France,Flipstorm
029651,Alexa,Deam,Pechenizhyn,Ukraine,Vimbo
903544,Shandy,Beekmann,Reforma,Mexico,Shufflester
156363,Holmes,Ormrod,Paris 16,France,Buzzdog
767410,Domingo,Marley,Mannheim,Germany,Flashset
159391,Bessie,Coneley,Saint-Denis,France,Abata
705284,Yehudi,Sjollema,Church End,United Kingdom,Dynazzy
089163,Edgard,Windas,Périgueux,France,Gabtype
596425,Rourke,Greenless,San Miguel,Mexico,Babblestorm
247073,Ranice,McCory,Mundolsheim,France,Centizu
009068,Stanton,Asmus,Ferkessédougou,Ivory Coast,Flashdog
433119,Kenneth,Corneil,Austin,United States,Gigazoom
834054,Arvy,Engledow,Benito Juarez,Mexico,Zoomzone
873943,Mallissa,D'Souza,Blois,France,Voonix
741309,Laney,Topes,Siwa Oasis,Egypt,Eimbee
769330,Tammara,Dachs,Independencia,Mexico,Dynava
194822,Odessa,De Fraine,Los Angeles,Mexico,Jayo
177659,Connie,Leeman,Terre Haute,United States,Pixoboo
681406,Edithe,Proudlove,Camden,United States,Livetube
344570,Nona,Dog,La Aurora,Mexico,Mynte
072772,Diane,Whalebelly,Hidalgo,Mexico,Tambee
331244,Bliss,Ringrose,Vary,Ukraine,Edgetag
299223,Jeffy,Hurrell,Nove-Misto,Ukraine,Innojam
861297,Gilda,Ricciardi,San Pedro,Mexico,Demivee
828513,Hank,Seeviour,Salt Lake City,United States,Lajo
859857,Shane,McCurry,Braunschweig,Germany,Divape
194397,Priscella,Snewin,Kilifi,Kenya,Voomm
491975,Beverlee,Catenot,Mâcon,France,Topicblab
433510,Lilla,Lefeuvre,كاف الجاع,Syria,Abata
925851,Gan,Markl,Chico,United States,Trilia
680192,Cherry,Durgan,Dallas,United States,Browseblab
643182,Desi,McMarquis,Berlin,Germany,Jabbersphere
974891,Neil,Copsey,Saint Louis,United States,Edgetag
657414,Boote,Calway,Paris 12,France,Tavu
027081,Myrna,Winwood,Sainte-Geneviève-des-Bois,France,Meevee
978619,Jimmy,Fraczkiewicz,Zaliztsi,Ukraine,Chatterbridge
134949,Carla,Spaight,La Rochelle,France,Browsebug
775746,Lee,Feacham,Paris 11,France,Myworks
750272,Henrieta,Hindrick,Agen,France,Twiyo
534817,Felicdad,Utridge,Sacramento,United States,Tavu
606004,Gaultiero,Realph,Compiègne,France,Browsezoom
320348,Kean,Peete,Berlin,Germany,Einti
278120,Marsh,Demelt,Turka,Ukraine,Rhynoodle
152049,Dionisio,Perfitt,Al Jawādīyah,Syria,Photofeed
346022,Maxie,Stuck,Paris 02,France,Jaxspan
593283,Lothario,Linsley,Rennes,France,Aivee
944130,Hanson,Goodswen,Columbus,United States,Jaxbean
308365,Judy,Egleton,Independencia,Mexico,Yodo
743642,Darrick,Harrhy,Dole,France,Yoveo
077318,Pru,Bimrose,Boyarka,Ukraine,Dabfeed
564042,Germaine,Waycot,Rouen,France,Cogidoo
403257,Christel,Ratt,Kostyantynivka,Ukraine,Avamba
715288,Delmor,Tuxell,Salt Lake City,United States,Bubbletube
928715,Sybyl,Hordle,Al Manzilah,Egypt,Rhyloo
848112,Will,Eggleton,Tymoshivka,Ukraine,Viva
204681,Johna,Prati,Montreuil,France,Gigazoom
044754,Libbi,Helix,Washington,United States,Browsebug
405656,Merridie,Brauner,Guadalupe,Mexico,Photobug
781260,Jenifer,Caillou,Milton,United Kingdom,Edgeblab
604106,Luz,Dossetter,Chennevières-sur-Marne,France,Twitternation
388440,Hyacinthie,Brodhead,Meudon,France,Kwimbee
530107,Orland,Kohnemann,Coulommiers,France,Wikibox
290377,Austen,Phalip,Marseille,France,Miboo
374785,Ermentrude,Mathelin,Kousa,Egypt,Dynabox
691007,Armstrong,Welsby,Vedène,France,Centizu
340803,Patrizia,Ross,Sacramento,United States,Voolith
150643,Bellanca,Lambole,Merefa,Ukraine,Bluejam
484326,Lonny,Cranston,Kinloch,United Kingdom,Eazzy
619805,Mortimer,Durn,Biankouma,Ivory Coast,Eadel
337130,Savina,Gorham,Digne-les-Bains,France,Photolist
975259,Archambault,Patemore,Benito Juarez,Mexico,Eamia
045804,Vita,Codrington,Billings,United States,Skyba
406154,Shepherd,Edy,Konotop,Ukraine,Eayo
179042,Batholomew,Thirlwall,Alençon,France,Youfeed
599642,Alexei,O'Duilleain,Kozhanka,Ukraine,Wordpedia
225650,Debra,Halms,Caen,France,Meevee
049161,Tabatha,Kenford,Orly,France,Gevee
347431,Rosemary,Spores,La Loma,Mexico,Jabbertype
290909,Maxy,Bebbington,Blois,France,Quaxo
909175,Verena,Fairfoot,Semenivka,Ukraine,Skyba
129544,Sharon,Darrel,Tamaulipas,Mexico,Thoughtbridge
975348,Bernardina,O'Corren,Saint-Avold,France,Kwilith
881134,Elmer,Galton,Al Ya‘rubīyah,Syria,Jaxspan
729212,Preston,Guilder,Lindavista,Mexico,Cogidoo
425735,Tobye,Betz,Le Chambon-Feugerolles,France,Edgepulse
773677,Scarlet,Ravel,Shpola,Ukraine,Skalith
715620,Palmer,Brumfitt,Petropavlivka,Ukraine,Eabox
870245,Ike,Rodd,Lanchyn,Ukraine,Pixoboo
578338,Budd,Tizzard,New York City,United States,Aimbo
419620,Hyacinthe,Keston,Tours,France,Flipopia
418186,Sansone,Prati,Markivka,Ukraine,Eire
341782,Etta,Kneale,Thika,Kenya,Twinte
736392,Katee,Huckfield,Domont,France,Twiyo
357286,Glynn,Bolf,Vista Hermosa,Mexico,Linklinks
119551,Genny,Averall,Atlanta,United States,Tavu
966667,Millisent,Bednell,Clearwater,United States,Innotype
334016,Bennie,Such,Amarillo,United States,Eamia
681949,Otes,Melrose,Medzhibozh,Ukraine,Aivee
725850,Alice,Kraut,Kruty,Ukraine,Browsecat
151581,Tanitansy,Bibby,At Tall al Kabīr,Egypt,Izio
087864,Cyb,Gillett,Besançon,France,Nlounge
902317,Danna,Mosen,Salinas,United States,Tagtune
958758,Kermy,Routley,Cergy-Pontoise,France,Jabberstorm
800189,Analise,Azema,Lucé,France,Snaptags
729741,Hussein,Manon,Garland,United States,Fanoodle
115912,Keen,Kretchmer,Lazaro Cardenas,Mexico,Flashset
719543,Dahlia,Lodin,Muhoroni,Kenya,Kanoodle
966356,Russ,Fylan,Greensboro,United States,Gabtune
492818,Burt,Jerams,Ustynivka,Ukraine,Flashpoint
432873,Antonie,Gresley,Santa Ana,United States,Photobean
494877,Cariotta,Vasyunin,Lebedyn,Ukraine,Skyndu
143837,Kerrie,Brahan,Saint-Louis,France,Topiclounge
928791,Evonne,Hackforth,Kafr Zaytā,Syria,Topdrive
041352,Annabal,Brack,Verbivka,Ukraine,Youspan
818682,Koral,Tchir,Seattle,United States,Gevee
298806,Horatio,Pidgeley,Yabrūd,Syria,Devbug
517643,Sapphira,Cheng,El Arenal,Mexico,Livefish
831483,Filberto,Fenge,Alameda,Mexico,Wikido
691286,Vivianna,Beardmore,Berlin,Germany,Mynte
564616,Edith,Everil,Orléans,France,Layo
958725,Brit,Chevolleau,Maple Plain,United States,Kanoodle
256252,Clerkclaude,Sowden,Cosne-Cours-sur-Loire,France,Brainlounge
064988,Von,Hennemann,Paris 08,France,Roodel
542653,Rafa,Aggio,Las Animas,Mexico,Aivee
544112,Waldo,Farnaby,Labège,France,Babbleblab
472985,Jeromy,Clotworthy,Lyon,France,Talane
213086,Blair,Ixer,Jamaica,United States,Flipopia
222106,Wittie,Winnister,La Talaudière,France,Voolith
358355,Sunny,Somerton,Troyes,France,Bubbletube
686186,Joceline,Wais,Besançon,France,Agimba
378932,Ariana,Melly,Markivka,Ukraine,Dabtype
791820,Anderson,Taynton,Phoenix,United States,Oloo
057361,Ellynn,McWhin,Scholkine,Ukraine,Eayo
663689,Preston,Croot,Mahendranagar,Nepal,Katz
951833,Rudyard,Gwyther,Nevers,France,Agivu
433522,Tomlin,Knibbs,Novoukrayinka,Ukraine,Skyvu
663671,Kaia,Lynch,San Francisco,Mexico,Devpoint
668238,Rickey,Eacle,Little Rock,United States,Zoomcast
496722,Mureil,Applewhaite,Kirovs’k,Ukraine,Babbleblab
426332,Shara,Lockwood,Agnibilékrou,Ivory Coast,Divanoodle
172947,Arlette,MacGettigen,Emiliano Zapata,Mexico,Livefish
336377,Kasey,O'Dreain,New York City,United States,Thoughtbeat
437470,Urbanus,Gilbanks,Seattle,United States,Rhybox
043441,Shoshanna,Meatyard,Arcueil,France,Kanoodle
765251,Gun,Todaro,Khān Shaykhūn,Syria,Rhynoodle
671028,Artemis,Loos,Atlanta,United States,Zava
675940,Edna,Ellaway,Budy,Ukraine,Eadel
190580,Kora,Probate,Emiliano Zapata,Mexico,Tazz
849544,Sayre,Ren,El Carmen,Mexico,Oyoloo
368534,Florrie,Scoullar,Isidro Fabela,Mexico,Kimia
750241,Constantine,Nibloe,Lozova,Ukraine,Gigashots
188711,Carie,Syer,San Rafael,Mexico,Kwilith
979227,De,Cheney,Kurnāz,Syria,Mynte
727403,Malia,Addionizio,Nova Odesa,Ukraine,Eidel
215644,Olly,Giampietro,Tournon-sur-Rhône,France,Wordware
342950,Hurlee,Abbie,Richmond,United States,Babbleset
528293,Janene,Alibone,Berezovo,Ukraine,Avaveo
651348,Kath,Crowdson,Khāndbāri,Nepal,Skinder
137754,Shaun,Addekin,Neuilly-sur-Marne,France,Kwilith
236633,Pieter,Lieber,Cincinnati,United States,Eayo
242393,Arlen,Cowlishaw,Morelos,Mexico,Skivee
451956,Olin,Doorey,San Francisco,Mexico,Avavee
161036,Goldie,Sergison,Zaliztsi,Ukraine,Brainverse
018072,Dun,Longmaid,Vyshhorod,Ukraine,Wikibox
881403,Tilly,Bechley,Tatariv,Ukraine,Kazio
412356,Karlen,Werndly,Tampa,United States,Rhyzio
942238,Hillary,Attrey,Orange,United States,Wordtune
914206,Lindie,Boatwright,Manevychi,Ukraine,Zoomzone
217510,Jolene,Sheeran,Santa Cruz,United States,Thoughtbeat
231178,Tybi,Espinazo,Kuchurhan,Ukraine,Dynabox
725493,Trumann,Benjafield,Épinal,France,Pixoboo
730792,Barthel,Avarne,Las Americas,Mexico,Camimbo
651029,Farris,Blowne,Santa Cruz,United States,Meevee
699117,Alair,McMickan,Potelych,Ukraine,Linklinks
346116,Padraig,Harhoff,Rungis,France,Nlounge
300113,Lizette,Chaudret,Orlando,United States,Zoomlounge
397179,Corey,Casse,Montgomery,United States,Youspan
482349,Ameline,Thomel,Rozhnyativ,Ukraine,Roodel
749123,Sampson,Rablan,Bourges,France,Podcat
403717,Patric,Atcheson,Chernivtsi,Ukraine,Brainsphere
671215,Debi,Dryburgh,Noisy-le-Grand,France,Quamba
687840,Mylo,Storie,Bāglung,Nepal,Riffwire
439964,Reggy,Zorer,Emiliano Zapata,Mexico,Blogtags
351491,Alaine,Eronie,Las Americas,Mexico,Quatz
911430,Ferrell,Caddie,Arlington,United States,Zoonoodle
929568,Raine,Gradly,Lexington,United States,Youtags
872412,Charo,Raigatt,Houston,United States,Roombo
454242,Avictor,Gisburne,Angers,France,Mynte
974039,Alfi,Huntingford,Zlynka,Ukraine,Yambee
523369,Shirlee,Minney,Marly,France,Jaxnation
786130,Damara,Martyns,Hamburg Sankt Pauli,Germany,Fadeo
226977,Lovell,Doe,Minneapolis,United States,Jetwire
644173,Annis,Chopin,Nova Odesa,Ukraine,Abata
477947,Hazlett,Ody,Toul,France,Dynazzy
171696,Viviene,Szymczyk,Tukhlya,Ukraine,Cogidoo
714673,Timmy,Tattoo,Dhangarhi,Nepal,Layo
598010,Florian,Dauby,Miami,United States,Tagpad
356260,Valery,Szymanski,Soisy-sous-Montmorency,France,DabZ
489234,Hedda,Leadston,Austin,United States,Eidel
414136,Maris,Vorley,Lyon,France,Rhybox
525021,Genevieve,Canelas,Austin,United States,Zoomlounge
598589,Yance,McElhargy,Jacksonville,United States,Voonder
607261,Gradey,Tsar,Troyes,France,Dynabox
092672,West,Granham,Lyon,France,Yadel
487303,Chase,Glide,Marhanets’,Ukraine,Topiclounge
391238,Ceil,Donovin,Miami Beach,United States,Tagchat
033733,Merrile,Aughton,Metz,France,Twitterbridge
977654,Chris,Blose,Ḩarastā,Syria,Eayo
644132,Reggy,Demeza,Bordeaux,France,Avavee
718471,Van,Gun,Emiliano Zapata,Mexico,Yakitri
082501,Wilbert,Andreia,Duraykīsh,Syria,Voonyx
473890,Ferguson,Gouldie,Lunéville,France,Roombo
276433,Rinaldo,Caslane,Katiola,Ivory Coast,Skimia
678814,Etheline,Domokos,Komysh-Zorya,Ukraine,Agimba
117069,Ronda,Gonzalez,Illintsi,Ukraine,Eayo
856219,Willow,Van Son,Arcueil,France,Gabcube
458948,Darcey,McGrane,Novhorod-Sivers’kyy,Ukraine,Dazzlesphere
964778,Amata,Wain,Bordeaux,France,Topicstorm
438698,Claresta,Dibley,Santa Cruz,Mexico,Midel
346797,Thoma,Lyon,Orange,France,Tagopia
795520,Chadd,Peret,Daloa,Ivory Coast,Devcast
301496,Ervin,Treher,Corona,United States,Kamba
252170,Franky,Gierardi,Fuwah,Egypt,Yadel
235099,Ilysa,Bayldon,Paris La Défense,France,Zoomdog
934392,Fara,Burgill,Komyshuvakha,Ukraine,Youtags
453777,Saloma,Gurling,Raleigh,United States,Riffwire
974975,Tymon,Tander,Gif-sur-Yvette,France,Dabfeed
075434,Ardene,Huitson,Las Palmas,Mexico,Kimia
805751,Neil,Longhorne,Poitiers,France,Yodel
902624,Wendie,Longmate,Houilles,France,Gevee
088780,Godard,Nightingale,Aubergenville,France,Fatz
004132,Liuka,O'Rudden,Loma Alta,Mexico,Voonix
111621,Howie,Haddacks,Al Ya‘rubīyah,Syria,Riffwire
473400,James,Perone,As Sūsah,Syria,Yakidoo
